{
  "Logistic Regression": {
    "accuracy": 0.8315217391304348,
    "precision": 0.8317757009345794,
    "recall": 0.8725490196078431,
    "f1": 0.8516746411483254,
    "roc_auc": 0.9023194643711142,
    "confusion_matrix": [
      [
        64,
        18
      ],
      [
        13,
        89
      ]
    ]
  },
  "Random Forest": {
    "accuracy": 0.8586956521739131,
    "precision": 0.8392857142857143,
    "recall": 0.9215686274509803,
    "f1": 0.8785046728971962,
    "roc_auc": 0.9252749880439981,
    "confusion_matrix": [
      [
        64,
        18
      ],
      [
        8,
        94
      ]
    ]
  }
}